"","p_val","avg_logFC","pct.1","pct.2","p_val_adj","gene"
"Thy1",0,0.42134077582679,0.308,0.153,0,"Thy1"
"Il12b",5.49642788566542e-255,0.132764280847284,0.044,0,1.74731442485304e-250,"Il12b"
"Pttg1",2.20703298766176e-213,-0.155094844264125,0.001,0.036,7.01615786777674e-209,"Pttg1"
"Pcdh9",1.11726319708221e-146,-0.18699508437952,0.86,0.912,3.55177970352434e-142,"Pcdh9"
"Cryab",6.50639326637014e-142,-0.287999143535003,0.105,0.182,2.06838241937907e-137,"Cryab"
"Rsrp1",4.02107376342841e-118,0.197025080751685,0.546,0.457,1.27829934939389e-113,"Rsrp1"
"Olfr111",1.21915343618843e-106,0.247518924825101,0.023,0.002,3.87568877364303e-102,"Olfr111"
"Hbb-bs",2.27605295983846e-105,0.172690318864193,0.092,0.043,7.23557235932647e-101,"Hbb-bs"
"Pde4b",6.22630455139602e-102,-0.28299658631632,0.471,0.549,1.9793422168888e-97,"Pde4b"
"Rnf220",9.70475953487458e-95,-0.4610329443007,0.219,0.287,3.08514305613663e-90,"Rnf220"
"Frmd5",5.76768327817858e-94,-0.202348438921101,0.538,0.611,1.83354651413297e-89,"Frmd5"
"C4b",4.18950296726342e-92,0.177028679264483,0.032,0.007,1.33184299329304e-87,"C4b"
"Lrrc4c",1.69636769403302e-85,-0.152349301853679,0.69,0.747,5.39275289933097e-81,"Lrrc4c"
"Ly86",4.13709405119982e-85,0.452158543392819,0.078,0.039,1.31518219887642e-80,"Ly86"
"Hecw2",5.45991482967946e-84,-0.189352635087366,0.471,0.538,1.7357069243551e-79,"Hecw2"
"Pacrg",5.66133391996252e-84,-0.322221812549283,0.331,0.398,1.79973805315609e-79,"Pacrg"
"Tmeff2",2.22688203265735e-83,-0.210125532845534,0.655,0.72,7.07925798181772e-79,"Tmeff2"
"Tgfbr2",2.24828276953569e-83,0.406641907158601,0.076,0.038,7.14729092435397e-79,"Tgfbr2"
"E230029C05Rik",1.60570505989401e-79,0.241791142397818,0.181,0.122,5.10453638540306e-75,"E230029C05Rik"
"Inpp5d",4.60973155142833e-79,0.369765236720856,0.092,0.05,1.46543366019907e-74,"Inpp5d"
"Edil3",1.19562522043847e-77,-0.20026035882839,0.52,0.582,3.80089257577388e-73,"Edil3"
"Cdh20",1.34202786994703e-77,-0.244573230291109,0.222,0.29,4.26630659856162e-73,"Cdh20"
"Cst3",1.77427867866041e-77,0.234377320671042,0.543,0.463,5.64043191946144e-73,"Cst3"
"Anxa3",6.24547850586017e-77,0.278731149577988,0.049,0.02,1.98543761701295e-72,"Anxa3"
"A230001M10Rik",1.20992109810906e-75,-0.289745251228815,0.066,0.11,3.8463391708887e-71,"A230001M10Rik"
"Tshz2",3.31851031569529e-75,-0.333630558255928,0.137,0.193,1.05495442935953e-70,"Tshz2"
"Ptprc",9.71156936362179e-74,0.268277353978461,0.043,0.017,3.08730790069537e-69,"Ptprc"
"Myo1f",4.50037670240562e-73,0.351492008050796,0.063,0.03,1.43066975369475e-68,"Myo1f"
"Plp1",2.50337592120243e-71,-0.153668859625441,0.36,0.437,7.95823205350252e-67,"Plp1"
"Runx1",1.39032268889631e-69,0.328436611625719,0.063,0.031,4.41983582800138e-65,"Runx1"
"Ctss",7.98569015195235e-69,0.233783436913704,0.066,0.033,2.53865089930565e-64,"Ctss"
"Prr5l",1.63727897082014e-67,-0.261477337824169,0.159,0.218,5.20490984823723e-63,"Prr5l"
"Ptprd",1.81005980738487e-67,-0.133945442096584,0.804,0.854,5.7541801276765e-63,"Ptprd"
"Grm3",1.21539812460868e-66,-0.224712322109579,0.331,0.395,3.863750638131e-62,"Grm3"
"Apoe",2.0724902789594e-66,0.208436876760788,0.463,0.387,6.58844659681194e-62,"Apoe"
"Luc7l2",6.1236072454356e-66,0.126384762029506,0.726,0.688,1.94669474332398e-61,"Luc7l2"
"Gm16168",6.97559633467638e-66,-0.26334194810008,0.205,0.265,2.21754207479362e-61,"Gm16168"
"Gfap",9.78502469012561e-65,0.155270142133438,0.038,0.015,3.11065934899093e-60,"Gfap"
"Tyrobp",7.85783342733754e-64,0.123621972180628,0.03,0.01,2.4980052465506e-59,"Tyrobp"
"Mertk",7.99547238211049e-64,0.289093771521024,0.146,0.098,2.54176067027293e-59,"Mertk"
"Large1",8.64265843894817e-61,0.134746429277974,0.661,0.616,2.74750111774162e-56,"Large1"
"Trem2",2.25087389510455e-60,0.145293155385861,0.031,0.01,7.15552811253736e-56,"Trem2"
"Maml2",2.56112766231299e-60,0.192331931240216,0.421,0.358,8.14182483849301e-56,"Maml2"
"C1qb",1.24299088675073e-59,0.17971136417884,0.064,0.033,3.95146802898057e-55,"C1qb"
"C030029H02Rik",1.25613125158404e-58,-0.248870329851869,0.087,0.13,3.99324124878566e-54,"C030029H02Rik"
"Clec7a",4.43958972706942e-58,0.117248315570489,0.011,0,1.41134557423537e-53,"Clec7a"
"Ypel2",5.88625611844756e-58,-0.274342931178724,0.241,0.295,1.87124082005448e-53,"Ypel2"
"Gm44866",8.82650419972894e-58,-0.226566168431448,0.042,0.074,2.80594568509383e-53,"Gm44866"
"Tgfbr1",2.64117577277585e-57,0.381584524669226,0.153,0.108,8.39629778165443e-53,"Tgfbr1"
"Lrmda",7.17085833907441e-57,0.502823131499897,0.174,0.129,2.27961586599175e-52,"Lrmda"
"Fnbp1",2.88297126876685e-56,-0.230209697100342,0.455,0.507,9.16496566340982e-52,"Fnbp1"
"Cd9",8.80780004590132e-56,0.217589706344415,0.124,0.082,2.79999963459203e-51,"Cd9"
"Cd84",1.72369383697898e-55,0.23944476216876,0.042,0.019,5.47962270775617e-51,"Cd84"
"Hexb",3.64212931062897e-55,0.326001973441286,0.123,0.083,1.15783290784895e-50,"Hexb"
"Gjc3",1.159630200189e-54,-0.239284116846299,0.126,0.173,3.68646440640084e-50,"Gjc3"
"Ikzf1",1.35757543807082e-54,0.25378065318267,0.061,0.032,4.31573231762712e-50,"Ikzf1"
"St6galnac3",1.9324896448059e-54,-0.180997809295345,0.501,0.553,6.14338458083797e-50,"St6galnac3"
"Fyb",1.96076421185168e-54,0.296310367628539,0.079,0.047,6.23326942947649e-50,"Fyb"
"Diaph2",5.07866342191084e-54,0.173897216828115,0.52,0.461,1.61450710182546e-49,"Diaph2"
"Arglu1",5.3491959066188e-54,0.133262540510019,0.56,0.504,1.70050937871412e-49,"Arglu1"
"Ano4",1.01079453936342e-53,-0.211500582242865,0.346,0.402,3.21331584063631e-49,"Ano4"
"AU020206",2.55086556508707e-53,0.191806066246251,0.029,0.011,8.10920163141178e-49,"AU020206"
"Mbp",7.90881904039415e-53,-0.227820496411559,0.35,0.406,2.5142135729413e-48,"Mbp"
"Cdh10",1.34666117293416e-52,-0.188444352085118,0.387,0.441,4.28103586875771e-48,"Cdh10"
"Sox2ot",1.73813174550696e-52,-0.211904923007117,0.274,0.331,5.52552081896662e-48,"Sox2ot"
"Hsp90ab1",8.06347175884891e-51,-0.162576440798968,0.413,0.465,2.56337767213807e-46,"Hsp90ab1"
"Rreb1",1.95899929400199e-50,0.207542339137953,0.19,0.142,6.22765875563233e-46,"Rreb1"
"Csf3r",2.97154055541178e-49,0.270446481312005,0.053,0.028,9.44652742565404e-45,"Csf3r"
"Srsf2",7.51815461471628e-49,0.111963892694352,0.328,0.268,2.3900213520183e-44,"Srsf2"
"Prpf4b",2.04373941977924e-48,-0.124482635126299,0.474,0.518,6.4970476154782e-44,"Prpf4b"
"Gm26714",5.12445512678412e-48,0.11207875582956,0.012,0.002,1.62906428480467e-43,"Gm26714"
"C1qa",9.75576698508838e-48,0.163526410623444,0.06,0.033,3.1013583245596e-43,"C1qa"
"Klhl6",1.3309237843163e-47,0.144170691225146,0.018,0.005,4.23100671034152e-43,"Klhl6"
"Fhit",8.34216871363232e-47,0.187856707999541,0.324,0.271,2.65197543406372e-42,"Fhit"
"Gatm",8.37246459783276e-47,-0.218465066409151,0.136,0.179,2.66160649565104e-42,"Gatm"
"Arhgap23",2.19245112565002e-46,-0.253341297937875,0.253,0.3,6.96980212844142e-42,"Arhgap23"
"Gnao1",2.91326994864153e-46,-0.159532730789512,0.494,0.541,9.26128516673142e-42,"Gnao1"
"Gm8995",6.46716343183318e-46,0.124866118250772,0.015,0.003,2.05591125497977e-41,"Gm8995"
"Spock3",6.96498083271835e-46,-0.209571984610908,0.344,0.394,2.21416740672116e-41,"Spock3"
"Plekhh1",2.63399255424997e-45,-0.210042019589531,0.08,0.116,8.37346232996064e-41,"Plekhh1"
"Nkain2",2.7416849919179e-45,-0.116452086046661,0.791,0.844,8.71581658930701e-41,"Nkain2"
"Mog",3.76734460510264e-45,-0.177491358521473,0.131,0.176,1.19763884996213e-40,"Mog"
"Arhgap45",7.1603513992147e-45,0.220489227602209,0.069,0.041,2.27627570981035e-40,"Arhgap45"
"Gm21798",1.39330116237948e-44,-0.129565586878108,0.127,0.169,4.42930439520438e-40,"Gm21798"
"Fa2h",1.56215782276048e-44,-0.223128702776942,0.097,0.135,4.96609971855558e-40,"Fa2h"
"A330015K06Rik",2.08957535524088e-44,-0.175905712405158,0.411,0.458,6.64276005431077e-40,"A330015K06Rik"
"Gm20663",2.63266781140331e-44,0.222545726389747,0.033,0.015,8.36925097245114e-40,"Gm20663"
"Fkbp5",2.52069902480953e-43,0.191897670013221,0.235,0.187,8.01330219986948e-39,"Fkbp5"
"Apbb1ip",6.69487864964245e-43,0.369948994676455,0.104,0.071,2.12830192272134e-38,"Apbb1ip"
"Inpp4b",2.79325306298292e-42,0.170860964423196,0.352,0.301,8.8797514872227e-38,"Inpp4b"
"Frmd4a",1.19097057891426e-41,0.106980517475865,0.682,0.655,3.78609547036844e-37,"Frmd4a"
"Cfh",1.66801324896096e-41,0.199266370900734,0.056,0.032,5.30261411844688e-37,"Cfh"
"Gab2",2.26764802394995e-41,0.284766957571495,0.296,0.25,7.20885306813688e-37,"Gab2"
"Samsn1",5.09672583066856e-41,0.163995119052673,0.03,0.013,1.62024914156953e-36,"Samsn1"
"Mapt",1.03529182993915e-40,-0.117648484411103,0.658,0.703,3.29119272737657e-36,"Mapt"
"Plce1",1.12931680826888e-40,0.186755502762739,0.076,0.049,3.59009813348678e-36,"Plce1"
"C1qc",1.58141513531783e-40,0.153799334663115,0.048,0.026,5.02731871517539e-36,"C1qc"
"Tmem178b",5.29325818884956e-40,-0.151486094331933,0.532,0.574,1.68272677823527e-35,"Tmem178b"
"AC149090.1",6.00300460492405e-40,-0.130719355621409,0.467,0.51,1.90835516390536e-35,"AC149090.1"
"St18",1.67377319868618e-39,-0.247846514815279,0.281,0.325,5.32092499862338e-35,"St18"
"Sept4",3.82070320178652e-39,-0.193821722291943,0.141,0.18,1.21460154784794e-34,"Sept4"
"Pex5l",4.9903964341364e-39,-0.171867974214168,0.558,0.602,1.58644702641196e-34,"Pex5l"
"Dock2",5.66028107572596e-39,0.251364143946788,0.067,0.042,1.79940335397328e-34,"Dock2"
"Hapln2",1.07503606120113e-38,-0.161585112690604,0.06,0.089,3.4175396385584e-34,"Hapln2"
"Creb5",1.09404836864824e-38,-0.201050286373525,0.078,0.111,3.47797976393276e-34,"Creb5"
"Bcas1",1.24042717711975e-38,-0.181861480054351,0.109,0.146,3.94331799606369e-34,"Bcas1"
"Lair1",1.58340709421105e-38,0.227496722553506,0.061,0.037,5.03365115249694e-34,"Lair1"
"Zfp692",2.79692950243847e-38,-0.134079659330128,0.262,0.305,8.89143888825191e-34,"Zfp692"
"Gm42413",3.1483421601333e-38,-0.241448522355603,0.095,0.129,1.00085797270638e-33,"Gm42413"
"Rbm28",4.36051657698647e-38,-0.135111329328694,0.252,0.295,1.386208219824e-33,"Rbm28"
"Kif21a",4.70834070510413e-38,-0.11574877091863,0.532,0.571,1.4967815101526e-33,"Kif21a"
"Slc24a2",5.22508790988039e-38,-0.126141622675014,0.707,0.757,1.66105544655098e-33,"Slc24a2"
"Sec14l5",7.81756928682598e-38,-0.181774542409104,0.084,0.117,2.48520527628198e-33,"Sec14l5"
"Zfp536",1.08482763335819e-37,-0.162962079533272,0.346,0.391,3.44866704644568e-33,"Zfp536"
"Gm2629",1.17098954758124e-37,0.190347924885992,0.043,0.023,3.72257577176078e-33,"Gm2629"
"Prickle1",1.50079849095276e-37,-0.121042797872551,0.616,0.639,4.77103840273883e-33,"Prickle1"
"Gm48370",5.70944877338874e-37,-0.183815605101209,0.035,0.057,1.81503376506028e-32,"Gm48370"
"Slc38a2",1.11530882447771e-36,-0.204002552421102,0.284,0.325,3.54556675301462e-32,"Slc38a2"
"Tnfsf8",1.43602156476196e-36,0.102693438737277,0.012,0.002,4.56511255437828e-32,"Tnfsf8"
"Tbxas1",2.87897905588293e-36,0.239050063709418,0.057,0.035,9.15227441865184e-32,"Tbxas1"
"Dock8",8.47589383744991e-36,0.211033618914023,0.072,0.047,2.69448665092533e-31,"Dock8"
"Blnk",3.14073114505491e-35,0.188072920905739,0.046,0.026,9.98438431012957e-31,"Blnk"
"Fli1",3.43639003184838e-35,0.195444043482096,0.052,0.03,1.0924283911246e-30,"Fli1"
"Sorcs1",4.12846673713813e-35,-0.14145632267968,0.231,0.276,1.31243957573621e-30,"Sorcs1"
"Ugt8a",4.71187676533459e-35,-0.194647092079503,0.105,0.139,1.49790562369987e-30,"Ugt8a"
"Havcr2",6.11899029447416e-35,0.129691884609257,0.025,0.011,1.94522701461333e-30,"Havcr2"
"Gcnt2",1.3923645989217e-34,0.133882284620987,0.093,0.064,4.42632705997208e-30,"Gcnt2"
"Fbxw15",3.30901401169874e-34,-0.176334675835722,0.043,0.067,1.05193555431903e-29,"Fbxw15"
"Serpine2",6.10150094533617e-34,0.201931818077562,0.126,0.093,1.93966715052237e-29,"Serpine2"
"Eml1",9.30544960207398e-34,-0.230636805672175,0.188,0.224,2.95820242849932e-29,"Eml1"
"Robo2",1.41899593398029e-33,0.127613785486143,0.491,0.451,4.51098807412335e-29,"Robo2"
"Ephb1",1.99867575307684e-33,-0.208077135291039,0.176,0.212,6.35379021903129e-29,"Ephb1"
"Rbm47",2.1021349618738e-33,0.192937574794729,0.042,0.024,6.68268704379682e-29,"Rbm47"
"Gm37459",2.18199387386242e-33,-0.232093617333359,0.233,0.269,6.93655852500863e-29,"Gm37459"
"Ctsh",1.59166833316671e-32,0.116407711234925,0.029,0.014,5.05991363113697e-28,"Ctsh"
"Fgf13",1.77269929448369e-32,0.449121622690002,0.301,0.261,5.63541105716364e-28,"Fgf13"
"Dnm3",1.84562850131711e-32,-0.178521719477355,0.467,0.503,5.8672530056871e-28,"Dnm3"
"Samd4",2.30653299579125e-32,-0.178486446839368,0.125,0.158,7.33246839362037e-28,"Samd4"
"Tec",2.55783853543398e-32,0.12077223764628,0.026,0.012,8.13136870414463e-28,"Tec"
"Mylip",2.82999014150735e-32,0.16247165637411,0.102,0.073,8.99653865985185e-28,"Mylip"
"Frrs1",6.1508663340159e-32,0.149365758547183,0.037,0.02,1.95536040758365e-27,"Frrs1"
"Map7",6.32338104053837e-32,-0.139929803260274,0.427,0.466,2.01020283278715e-27,"Map7"
"9330111N05Rik",1.43920333891148e-31,-0.31402774729948,0.055,0.08,4.57522741439959e-27,"9330111N05Rik"
"Slc13a1",2.46002671156295e-31,-0.199978087570909,0.038,0.06,7.82042491605862e-27,"Slc13a1"
"Gm2245",3.63235046317827e-31,0.161920443455684,0.033,0.017,1.15472421224437e-26,"Gm2245"
"4930420G21Rik",4.1927929068192e-31,-0.178852285353077,0.078,0.107,1.33288886507782e-26,"4930420G21Rik"
"Mast3",5.16445385310418e-31,-0.164564638087566,0.389,0.424,1.64177987990182e-26,"Mast3"
"Vsnl1",8.68401270814601e-31,-0.126653038981542,0.357,0.394,2.76064763991962e-26,"Vsnl1"
"Ttr",9.05502218579826e-31,0.19648189358766,0.461,0.42,2.87859155286527e-26,"Ttr"
"Phlpp1",9.48633536050502e-31,-0.167811940325342,0.515,0.548,3.01570601110455e-26,"Phlpp1"
"Meis2",1.00847139290829e-30,-0.132036038742107,0.181,0.219,3.20593055805546e-26,"Meis2"
"Lrrk1",1.56204229152304e-30,0.126412891491831,0.038,0.021,4.96573244475176e-26,"Lrrk1"
"Mal",1.66216181276386e-30,-0.102455523378156,0.114,0.148,5.28401240277632e-26,"Mal"
"Fcer1g",1.70972237020979e-30,0.113325426596341,0.03,0.016,5.43520741489693e-26,"Fcer1g"
"Gm26936",1.96028401553784e-30,-0.134931316953142,0.155,0.19,6.23174288539479e-26,"Gm26936"
"Slco2b1",3.14646450063439e-30,0.171134830125422,0.05,0.03,1.00026106475167e-25,"Slco2b1"
"4930511M06Rik",4.2062917092383e-30,-0.182135778015359,0.085,0.114,1.33718013436686e-25,"4930511M06Rik"
"Slc9a9",7.13776167766813e-30,0.141354628028322,0.406,0.359,2.2690944373307e-25,"Slc9a9"
"B2m",8.87632083132724e-30,0.123024773817822,0.051,0.031,2.82178239227893e-25,"B2m"
"Pde8a",9.90231214934348e-30,-0.191250162312369,0.114,0.146,3.14794503227629e-25,"Pde8a"
"1700111E14Rik",1.20802940418134e-29,-0.141607085868967,0.254,0.291,3.84032547589247e-25,"1700111E14Rik"
"Aspa",1.50003381884292e-29,-0.127765295554995,0.13,0.165,4.76860751010165e-25,"Aspa"
"Kcnip4",1.74975352478247e-29,0.136908978875952,0.628,0.61,5.56246645528349e-25,"Kcnip4"
"Mag",1.87351464217113e-29,-0.160791339027145,0.114,0.147,5.95590304746201e-25,"Mag"
"Kcnab1",2.49937124366472e-29,-0.121396569819607,0.501,0.538,7.94550118361014e-25,"Kcnab1"
"Zfp804b",2.59907288751462e-29,0.130867740172603,0.235,0.197,8.26245270940898e-25,"Zfp804b"
"Vmp1",2.7797251694209e-29,-0.161656972896131,0.402,0.438,8.83674631358904e-25,"Vmp1"
"Pak1",3.85393142414293e-29,-0.17049788143019,0.294,0.331,1.22516479973504e-24,"Pak1"
"Ninj2",5.34629813335556e-29,-0.176573195381056,0.072,0.099,1.69958817659373e-24,"Ninj2"
"Gpr34",5.46085299728293e-29,0.148115641555215,0.044,0.027,1.73600516783624e-24,"Gpr34"
"Sirpa",9.51322206847725e-29,0.19279865055385,0.187,0.151,3.02425329556892e-24,"Sirpa"
"6530403H02Rik",9.7725258835379e-29,0.11458268107973,0.178,0.142,3.1066859783767e-24,"6530403H02Rik"
"Car2",1.06452563320199e-28,-0.201588180057078,0.193,0.229,3.38412698794912e-24,"Car2"
"Gm48678",1.18573114382471e-28,-0.128920586816032,0.449,0.484,3.76943930621876e-24,"Gm48678"
"Mir142hg",1.22721819680457e-28,0.138652871952413,0.033,0.018,3.90132664764174e-24,"Mir142hg"
"Ccnd3",1.46161916619142e-28,0.22557598285158,0.151,0.119,4.64648732932253e-24,"Ccnd3"
"Pak7",1.92399502699761e-28,-0.137518725818322,0.439,0.474,6.1163801908254e-24,"Pak7"
"Epb41l2",2.00739788801228e-28,0.236310631010545,0.135,0.105,6.38151788599104e-24,"Epb41l2"
"Phactr1",3.04592838415634e-28,-0.100924466719665,0.688,0.717,9.683006333233e-24,"Phactr1"
"Mobp",3.7202501505243e-28,-0.11440976244608,0.122,0.156,1.18266752285168e-23,"Mobp"
"Arhgap24",8.11488802665018e-28,0.245365791874414,0.087,0.063,2.57972290367209e-23,"Arhgap24"
"Pard3b",1.20212772332784e-27,0.106761034652396,0.134,0.103,3.8215640324592e-23,"Pard3b"
"Fnip2",1.3762031215819e-27,0.151300930043319,0.236,0.197,4.37494972350887e-23,"Fnip2"
"Cdk6",1.94855714066161e-27,0.138387811382423,0.052,0.033,6.19446315016324e-23,"Cdk6"
"Gm20754",2.19826517486077e-27,0.133584740178159,0.466,0.429,6.98828499088238e-23,"Gm20754"
"Ankub1",2.52498842998704e-27,-0.141021737132183,0.037,0.056,8.02693821892879e-23,"Ankub1"
"Csf1",2.56198074713767e-27,0.132760271405887,0.056,0.036,8.14453679515066e-23,"Csf1"
"Plek",3.22178014041441e-27,0.192471938111658,0.07,0.049,1.02420390663774e-22,"Plek"
"D7Ertd443e",3.67802472035894e-27,-0.158761453689128,0.129,0.161,1.16924405860211e-22,"D7Ertd443e"
"Gm11659",3.77445249041521e-27,-0.161482145216908,0.157,0.189,1.19989844670299e-22,"Gm11659"
"Golm1",5.53484788075558e-27,0.101171317300745,0.115,0.087,1.7595281412922e-22,"Golm1"
"Adipor2",8.94344024090284e-27,-0.192387396391459,0.217,0.252,2.84311965258301e-22,"Adipor2"
"Zc3hav1",9.38582917929201e-27,0.109677827035152,0.034,0.019,2.98375509609693e-22,"Zc3hav1"
"Apobec1",1.28886858250722e-26,0.17159950003538,0.024,0.012,4.09731322379046e-22,"Apobec1"
"Csf1r",1.50221546393351e-26,0.133573752108521,0.051,0.033,4.77554295984462e-22,"Csf1r"
"Gm12324",2.19252376297215e-26,-0.114449664930724,0.019,0.034,6.97003304248846e-22,"Gm12324"
"Wsb1",2.33363346986909e-26,0.121374665266857,0.165,0.133,7.41862080071385e-22,"Wsb1"
"Gria1",2.50358394059453e-26,0.105451709895106,0.627,0.607,7.95889334715002e-22,"Gria1"
"Cd37",2.92475978099989e-26,0.128521787907765,0.035,0.02,9.29781134379864e-22,"Cd37"
"Srgap2",2.96810697744023e-26,0.138983200583932,0.435,0.396,9.43561208128249e-22,"Srgap2"
"Tubb4a",3.16976506607431e-26,-0.18169980488223,0.305,0.338,1.00766831450502e-21,"Tubb4a"
"4930419G24Rik",4.10931486099436e-26,-0.185581836663198,0.345,0.375,1.30635119431011e-21,"4930419G24Rik"
"Chst11",5.34446012409296e-26,0.109123686158009,0.255,0.216,1.69900387344915e-21,"Chst11"
"Acer3",5.68165272883811e-26,0.188294817081097,0.276,0.239,1.80619740249764e-21,"Acer3"
"Plxnb3",6.75465900376546e-26,-0.132967500102117,0.033,0.052,2.14730609729704e-21,"Plxnb3"
"Tnr",7.79961634798654e-26,0.131892342446663,0.514,0.483,2.47949803702492e-21,"Tnr"
"Lhfpl2",1.0784875150178e-25,0.138776327843476,0.071,0.049,3.42851181024159e-21,"Lhfpl2"
"Shisa6",1.15678944519688e-25,0.101574292336504,0.441,0.401,3.67743364628088e-21,"Shisa6"
"Shtn1",1.18415467727941e-25,-0.173883018876059,0.346,0.376,3.76442771907124e-21,"Shtn1"
"Lyn",1.45632084989592e-25,0.167189601496319,0.23,0.194,4.62964398181913e-21,"Lyn"
"Fam102b",1.58754688432381e-25,0.173380695688415,0.078,0.056,5.0468115452654e-21,"Fam102b"
"7630403G23Rik",1.71297486612215e-25,-0.179651439982849,0.035,0.053,5.44554709940231e-21,"7630403G23Rik"
"Vsir",1.78288639482502e-25,0.125354586904695,0.03,0.017,5.66779584914873e-21,"Vsir"
"Gsap",1.91699256687353e-25,0.15495356665721,0.059,0.039,6.09411937009096e-21,"Gsap"
"Prkch",2.20173968200213e-25,0.127541623730121,0.036,0.021,6.99933044908477e-21,"Prkch"
"Synj2",2.38949933686178e-25,-0.142452386747359,0.115,0.143,7.5962183918836e-21,"Synj2"
"Unc93b1",2.48546843037245e-25,0.143740119100229,0.05,0.032,7.90130414015402e-21,"Unc93b1"
"Gm48742",3.22159635182882e-25,-0.133795317791148,0.167,0.199,1.02414548024638e-20,"Gm48742"
"Nrros",1.1488521871307e-24,0.113632278441123,0.056,0.037,3.65220110288849e-20,"Nrros"
"Cntn2",1.18991174134778e-24,-0.156085258618909,0.073,0.097,3.78272942574461e-20,"Cntn2"
"Itpr2",1.19013674327201e-24,0.144330532492931,0.116,0.09,3.78344470686172e-20,"Itpr2"
"CT010467.1",1.29479310035647e-24,-0.102429469529226,0.229,0.264,4.11614726603323e-20,"CT010467.1"
"Sat1",1.54249942099283e-24,0.150071401207333,0.084,0.061,4.90360565933619e-20,"Sat1"
"Gab1",1.59504661265286e-24,-0.160358947640522,0.13,0.16,5.07065318162345e-20,"Gab1"
"Slc25a27",2.47830203909711e-24,-0.118764741900738,0.305,0.338,7.87852218228971e-20,"Slc25a27"
"Gm26871",3.35304610971236e-24,0.130838802032904,0.477,0.449,1.06593335827756e-19,"Gm26871"
"Mt1",4.16076532036818e-24,0.118497735444174,0.145,0.115,1.32270729534504e-19,"Mt1"
"Slc1a3",4.74550346902752e-24,0.165185006464566,0.165,0.133,1.50859555280385e-19,"Slc1a3"
"Rin2",6.5574354750347e-24,0.139568898792149,0.096,0.072,2.08460873751353e-19,"Rin2"
"Adap2",6.9488648280851e-24,0.123194707757064,0.052,0.034,2.20904412884825e-19,"Adap2"
"Suclg2",7.3024449952017e-24,0.124826873257103,0.045,0.028,2.32144726397462e-19,"Suclg2"
"Hsp90aa1",1.12567700953517e-23,-0.119560570734295,0.13,0.159,3.57852721331229e-19,"Hsp90aa1"
"Siglech",1.57884532368672e-23,0.143467885295195,0.049,0.032,5.01914928400009e-19,"Siglech"
"Dock5",1.72097003724428e-23,-0.143771666204015,0.053,0.074,5.47096374839957e-19,"Dock5"
"Pls1",2.21005789733566e-23,-0.131642463890322,0.153,0.184,7.02577405563006e-19,"Pls1"
"Kif13a",2.30565615253118e-23,-0.172507872074516,0.209,0.241,7.32968090889661e-19,"Kif13a"
"Pag1",2.5740654912851e-23,0.254263603736997,0.228,0.196,8.18295419679534e-19,"Pag1"
"Ctsz",3.41867574686915e-23,0.109579933272806,0.047,0.03,1.0867970199297e-18,"Ctsz"
"Itgb5",3.63216979577567e-23,0.183563256448403,0.077,0.056,1.15466677807708e-18,"Itgb5"
"Fmnl3",4.01038221890108e-23,0.109380907019122,0.039,0.024,1.27490050738865e-18,"Fmnl3"
"Cyp7b1",5.23157348076523e-23,0.112592937378967,0.261,0.226,1.66311720953527e-18,"Cyp7b1"
"Mctp1",6.02531733988003e-23,0.110199816951968,0.481,0.449,1.91544838234786e-18,"Mctp1"
"Nfasc",7.84057082351176e-23,-0.105447988711762,0.413,0.444,2.49251746479439e-18,"Nfasc"
"Scd3",8.37214834933396e-23,-0.104335980180243,0.016,0.028,2.66150596025326e-18,"Scd3"
"Flt1",1.35523131943766e-22,0.153019200996697,0.017,0.008,4.30828036449233e-18,"Flt1"
"Anapc15",1.5278782249966e-22,0.147236307330053,0.04,0.025,4.8571248772642e-18,"Anapc15"
"Trf",1.81626704825395e-22,-0.141129459777462,0.171,0.202,5.77391294639931e-18,"Trf"
"Sipa1l2",2.10892724329264e-22,0.148621209749514,0.149,0.12,6.7042797064273e-18,"Sipa1l2"
"Tspan5",2.54446534127403e-22,-0.105461489390843,0.497,0.526,8.08885531991015e-18,"Tspan5"
"Cobll1",2.74721008690475e-22,-0.140660297261791,0.099,0.125,8.73338086627019e-18,"Cobll1"
"Nrp1",3.91173523713249e-22,0.143634394858795,0.389,0.353,1.24354063188442e-17,"Nrp1"
"Lrch1",4.98947049157039e-22,0.145623614035215,0.331,0.295,1.58615266927023e-17,"Lrch1"
"Rassf3",5.52091158952493e-22,0.180569639831897,0.046,0.03,1.75509779430997e-17,"Rassf3"
"Rtn4",5.95303114532864e-22,-0.126320193919293,0.554,0.582,1.89246860109998e-17,"Rtn4"
"Vwc2l",6.03546373377178e-22,-0.136676060820863,0.072,0.095,1.91867392096605e-17,"Vwc2l"
"Ermn",6.44192875929999e-22,-0.122951221739356,0.06,0.081,2.04788915258147e-17,"Ermn"
"Entpd1",1.16623284413469e-21,0.141865364377187,0.058,0.04,3.70745421150418e-17,"Entpd1"
"Gm26740",1.45351848173741e-21,0.102788424854748,0.024,0.013,4.62073525344323e-17,"Gm26740"
"Tns3",1.52240395991626e-21,0.146543581622184,0.143,0.115,4.83972218857378e-17,"Tns3"
"9330117O12Rik",1.93589609497485e-21,-0.123201049248892,0.032,0.048,6.15421368592504e-17,"9330117O12Rik"
"Kndc1",2.3810776085933e-21,-0.11938161021984,0.112,0.138,7.56944571771809e-17,"Kndc1"
"Gm15155",3.88816619256648e-21,0.170012729980263,0.087,0.066,1.23604803261689e-16,"Gm15155"
"Camk1d",4.37825473116756e-21,0.107503189035955,0.585,0.556,1.39184717903817e-16,"Camk1d"
"Plcg2",5.58637420609395e-21,0.125702786781316,0.057,0.04,1.77590836011727e-16,"Plcg2"
"Ccdc85a",8.50453634418234e-21,0.110974086144513,0.428,0.394,2.70359210381556e-16,"Ccdc85a"
"Aatk",9.03939323838771e-21,-0.155444351759885,0.183,0.212,2.87362311048345e-16,"Aatk"
"Lmo2",9.17828187146227e-21,0.112391922383755,0.033,0.02,2.91777580693786e-16,"Lmo2"
"Neat1",1.17877803418208e-20,-0.116148591173427,0.183,0.215,3.74733537066482e-16,"Neat1"
"Bin2",1.23423910624547e-20,0.116338736822426,0.027,0.015,3.92364611875435e-16,"Bin2"
"Pstpip2",1.30551364359349e-20,-0.147641857551822,0.135,0.162,4.15022787298371e-16,"Pstpip2"
"Hpgds",1.36752286895505e-20,0.18582040159515,0.146,0.119,4.34735520040812e-16,"Hpgds"
"Plgrkt",2.04135782400434e-20,0.141156694918794,0.114,0.09,6.4894765225098e-16,"Plgrkt"
"9530026P05Rik",2.17143432697719e-20,0.11099960222663,0.133,0.107,6.90298972546049e-16,"9530026P05Rik"
"March3",2.22441660323315e-20,0.113985646925622,0.115,0.091,7.07142038167819e-16,"March3"
"Qdpr",2.34386289136297e-20,-0.127246263413389,0.071,0.092,7.45114013164287e-16,"Qdpr"
"Cyp2j12",2.53784294527598e-20,-0.107000263721217,0.029,0.044,8.06780272303235e-16,"Cyp2j12"
"B4galt1",3.68844523741943e-20,0.100730591471072,0.091,0.069,1.17255674097564e-15,"B4galt1"
"Sema6a",5.49518135301699e-20,-0.158000942603603,0.115,0.14,1.7469181521241e-15,"Sema6a"
"Arhgef10",6.23925354772633e-20,-0.141485714279138,0.096,0.12,1.9834587028222e-15,"Arhgef10"
"Arhgap25",7.90578971909155e-20,0.120052102894186,0.03,0.018,2.5132505516992e-15,"Arhgap25"
"Cck",7.9880193107507e-20,-0.117383836002125,0.34,0.371,2.53939133888765e-15,"Cck"
"Cx3cr1",8.3854390445029e-20,0.14797754751169,0.095,0.074,2.66573107224747e-15,"Cx3cr1"
"Marcks",9.59119959268779e-20,0.108542192658814,0.103,0.08,3.04904235051545e-15,"Marcks"
"Pnpla7",9.7806724501333e-20,0.157980703043417,0.11,0.087,3.10927577189738e-15,"Pnpla7"
"Gm19500",1.14872974855663e-19,-0.10883650696116,0.048,0.067,3.65181187066153e-15,"Gm19500"
"Hpgd",1.40604211468542e-19,0.105799420301751,0.031,0.019,4.46980788258495e-15,"Hpgd"
"2610035D17Rik",1.77232739223441e-19,-0.126371018933065,0.315,0.344,5.63422877991318e-15,"2610035D17Rik"
"Bfsp2",1.79535622715929e-19,-0.121073154992755,0.028,0.042,5.70743744613938e-15,"Bfsp2"
"Lyst",1.9064048755615e-19,0.1153211755986,0.367,0.334,6.06046109941002e-15,"Lyst"
"Selplg",1.97351567163341e-19,0.11917888545182,0.053,0.036,6.27380632012261e-15,"Selplg"
"Sdk1",2.44018424138795e-19,0.134287615648587,0.201,0.172,7.75734570337229e-15,"Sdk1"
"Mef2a",2.57852384425483e-19,0.136802431357243,0.396,0.361,8.19712730088611e-15,"Mef2a"
"Asph",2.86934301525689e-19,0.160553748653058,0.257,0.226,9.12164144550165e-15,"Asph"
"Pde3b",3.33983628160381e-19,0.206797091438935,0.207,0.178,1.06173395392185e-14,"Pde3b"
"Phldb1",4.91857414459674e-19,-0.16261430943671,0.1,0.123,1.5636147205673e-14,"Phldb1"
"Mafb",5.08415885747944e-19,0.130118657858939,0.042,0.028,1.61625410079271e-14,"Mafb"
"D830024N08Rik",5.10716800905855e-19,-0.110480366168861,0.256,0.284,1.62356871007971e-14,"D830024N08Rik"
"Abcd2",6.23042469619444e-19,0.160230649955251,0.059,0.043,1.98065201092021e-14,"Abcd2"
"Sox10",9.05854428565358e-19,-0.126416575878611,0.075,0.096,2.87971122840927e-14,"Sox10"
"Hif1a",9.26036448942002e-19,0.154777862020787,0.128,0.104,2.94386987118662e-14,"Hif1a"
"Etv6",9.28898156370332e-19,0.152092569329621,0.188,0.16,2.95296723910128e-14,"Etv6"
"Abhd12",1.54014294245612e-18,0.188710665599891,0.309,0.276,4.896114414068e-14,"Abhd12"
"Cdk19",2.66248368828675e-18,-0.135461607835376,0.281,0.312,8.46403564506357e-14,"Cdk19"
"Tspan2",2.7909461634249e-18,-0.131705013714576,0.096,0.119,8.87241785352774e-14,"Tspan2"
"Myo1d",2.97959923964492e-18,-0.174240903398576,0.19,0.215,9.47214598283121e-14,"Myo1d"
"Ttyh2",2.98282919766906e-18,-0.138851528971952,0.076,0.097,9.48241401938993e-14,"Ttyh2"
"Ehd4",3.02007316142373e-18,0.103949768264994,0.035,0.022,9.60081258016605e-14,"Ehd4"
"Man1c1",4.0393131522623e-18,0.129843752111956,0.144,0.119,1.28409765110419e-13,"Man1c1"
"Il6ra",4.54680641332105e-18,0.102872906343227,0.06,0.043,1.44542975879476e-13,"Il6ra"
"Pard3",4.86352490369891e-18,-0.101372512503255,0.348,0.378,1.54611456688588e-13,"Pard3"
"Dixdc1",4.91981324017681e-18,-0.156542937370781,0.207,0.232,1.56400862905221e-13,"Dixdc1"
"Mitf",5.31950796835864e-18,0.173876138157412,0.251,0.221,1.69107158314121e-13,"Mitf"
"Cyfip1",7.31470540539036e-18,0.126427485894691,0.336,0.303,2.32534484837359e-13,"Cyfip1"
"Igf1",8.32094302656072e-18,0.152614556898526,0.037,0.025,2.64522778814365e-13,"Igf1"
"Gm32036",1.18487198956976e-17,-0.10228312080148,0.068,0.088,3.76670805484226e-13,"Gm32036"
"Skap2",1.32450613397825e-17,0.166475712368217,0.135,0.112,4.21060499991686e-13,"Skap2"
"A330049N07Rik",1.36146155420166e-17,-0.103455741147536,0.059,0.077,4.32808628080708e-13,"A330049N07Rik"
"Csrp1",2.025756184924e-17,-0.136668700401892,0.1,0.123,6.4398789118734e-13,"Csrp1"
"Gm28905",2.16702038811026e-17,-0.115029374054174,0.1,0.122,6.88895781380253e-13,"Gm28905"
"Cpm",2.41819969431613e-17,-0.11722302788536,0.053,0.07,7.68745682823098e-13,"Cpm"
"Gm9645",3.11025815386499e-17,-0.107686150533412,0.054,0.071,9.88751067113679e-13,"Gm9645"
"Serinc3",4.17586074722687e-17,0.11142136461897,0.177,0.15,1.32750613154342e-12,"Serinc3"
"Cobl",1.39798660775648e-16,-0.109536368432565,0.14,0.164,4.44419942605784e-12,"Cobl"
"Gm5086",2.21097405572577e-16,0.135411558709579,0.038,0.025,7.02868652315221e-12,"Gm5086"
"Fign",2.23549624321879e-16,-0.150962014371472,0.074,0.093,7.10664255719254e-12,"Fign"
"Ptbp3",2.57412231034882e-16,0.105143453257494,0.201,0.173,8.18313482459889e-12,"Ptbp3"
"Eya4",3.7587324902592e-16,0.126092563030352,0.057,0.042,1.1949010586534e-11,"Eya4"
"9630028H03Rik",3.79822207810518e-16,-0.119379567945186,0.341,0.364,1.20745479862964e-11,"9630028H03Rik"
"Gm15398",3.90997596480981e-16,-0.126395265102737,0.151,0.175,1.24298135921304e-11,"Gm15398"
"Znrf2",4.4198774504266e-16,0.110051378686428,0.12,0.099,1.40507904149062e-11,"Znrf2"
"Dpysl2",6.44650090218716e-16,-0.10802842150109,0.377,0.402,2.0493426368053e-11,"Dpysl2"
"Stat3",6.58539502119675e-16,0.101651822670265,0.112,0.091,2.09349707723845e-11,"Stat3"
"Hip1",7.03363019758447e-16,-0.120104870923674,0.171,0.196,2.2359910398121e-11,"Hip1"
"Mast4",7.93704869373885e-16,-0.109432308348694,0.6,0.62,2.52318777973958e-11,"Mast4"
"Colec12",8.01225590872818e-16,0.118176369230011,0.04,0.028,2.54709615338469e-11,"Colec12"
"Gm42756",8.04427567984192e-16,-0.105770435678677,0.046,0.061,2.55727523862175e-11,"Gm42756"
"Irak2",8.67393343916681e-16,0.143576327961933,0.075,0.058,2.75744344031113e-11,"Irak2"
"Dock11",8.91581373442083e-16,0.120000783998859,0.14,0.118,2.83433718617238e-11,"Dock11"
"Nkain1",1.01235932131497e-15,-0.141234045479424,0.073,0.091,3.21829028246029e-11,"Nkain1"
"Megf10",1.02372463403221e-15,-0.11999717684827,0.063,0.081,3.2544206115884e-11,"Megf10"
"A230009B12Rik",1.29169301359842e-15,-0.105092291434752,0.067,0.085,4.10629209022937e-11,"A230009B12Rik"
"Pantr1",1.91714652511336e-15,-0.107817960075867,0.137,0.159,6.09460880333537e-11,"Pantr1"
"Elk3",3.02359846571755e-15,0.13195178978548,0.091,0.073,9.61201952251608e-11,"Elk3"
"Chn2",3.03674323119938e-15,0.228729429086701,0.133,0.113,9.65380673198282e-11,"Chn2"
"Ppp1r16b",3.37082547444047e-15,-0.123382737073774,0.292,0.316,1.07158541832463e-10,"Ppp1r16b"
"Gm15283",4.47487883713049e-15,0.135935684969335,0.153,0.13,1.42256398232378e-10,"Gm15283"
"Anln",4.87414026523208e-15,-0.125137163355995,0.123,0.145,1.54948919031728e-10,"Anln"
"Nfe2l2",6.3541985086762e-15,0.105140576559359,0.054,0.04,2.01999970590816e-10,"Nfe2l2"
"Ppfibp2",8.56525141768638e-15,-0.102158601957304,0.063,0.08,2.7228934256825e-10,"Ppfibp2"
"Nnat",1.13291079296245e-14,0.119514000313101,0.32,0.29,3.60152341082761e-10,"Nnat"
"Daam2",1.19394842193452e-14,-0.112814252068407,0.128,0.15,3.79556203332983e-10,"Daam2"
"Ttll7",1.3531283764592e-14,-0.143158144808641,0.297,0.318,4.3015951087638e-10,"Ttll7"
"Usp12",1.58053491576221e-14,0.115058862269758,0.165,0.141,5.02452049720807e-10,"Usp12"
"Akap13",1.7225878020556e-14,0.105704328253202,0.207,0.182,5.47610662273475e-10,"Akap13"
"Capn3",1.88415190986483e-14,0.103805615271238,0.049,0.036,5.98971892146031e-10,"Capn3"
"Gns",1.96492239193516e-14,0.122880294359596,0.176,0.151,6.24648828396188e-10,"Gns"
"Gpcpd1",2.19334227818665e-14,0.105508512396648,0.27,0.241,6.97263510235536e-10,"Gpcpd1"
"Shisa4",2.22473440610813e-14,-0.13463821338098,0.262,0.284,7.07243067701773e-10,"Shisa4"
"Gm11149",2.36311769802043e-14,-0.127782122705912,0.282,0.304,7.51235116200693e-10,"Gm11149"
"Sept7",2.48735635236766e-14,-0.108536579228198,0.351,0.376,7.9073058441768e-10,"Sept7"
"Sytl2",3.22827126360562e-14,-0.130237703997168,0.091,0.109,1.02626743470023e-09,"Sytl2"
"Ophn1",4.16906622731289e-14,0.106919567270372,0.275,0.248,1.32534615366277e-09,"Ophn1"
"Gprc5b",4.31085444974539e-14,-0.152489285851475,0.103,0.121,1.37042062957406e-09,"Gprc5b"
"Ahcyl2",4.68716453683193e-14,0.111800343973837,0.53,0.507,1.49004960625887e-09,"Ahcyl2"
"Eml4",4.89830716759844e-14,0.112418671476667,0.302,0.273,1.55717184857954e-09,"Eml4"
"Srcin1",7.94509445634413e-14,-0.109968312111603,0.302,0.323,2.5257455276718e-09,"Srcin1"
"Cyth4",1.03681233508027e-13,0.107127707814571,0.054,0.04,3.29602641322019e-09,"Cyth4"
"Pros1",1.14624954914757e-13,0.108925144828188,0.053,0.04,3.64392731674011e-09,"Pros1"
"Arhgap17",1.22526810977616e-13,0.105555993947226,0.246,0.218,3.89512732097841e-09,"Arhgap17"
"Ints6l",1.61678249465279e-13,0.119942048912782,0.199,0.174,5.13975155050122e-09,"Ints6l"
"Lpcat2",1.71422977287207e-13,0.106914799666362,0.094,0.076,5.4495364479603e-09,"Lpcat2"
"St3gal6",2.57027528987237e-13,0.170123558051792,0.097,0.08,8.17090514650428e-09,"St3gal6"
"Pakap",3.22827569956222e-13,-0.117063451273755,0.378,0.399,1.02626884489083e-08,"Pakap"
"Kif13b",4.30383454423157e-13,-0.141919388077837,0.276,0.297,1.36818900161122e-08,"Kif13b"
"Rab31",4.41957671131434e-13,-0.113116706385729,0.201,0.224,1.40498343652683e-08,"Rab31"
"Lrrc8b",8.36243049470155e-13,-0.111149143308547,0.216,0.237,2.65841665426562e-08,"Lrrc8b"
"Ccp110",9.21143991230113e-13,-0.103143531242025,0.065,0.081,2.92831674812053e-08,"Ccp110"
"Gnai1",1.06983936582315e-12,-0.114168774912401,0.246,0.268,3.4010193439518e-08,"Gnai1"
"Cped1",1.14499333083845e-12,0.116571489893897,0.042,0.03,3.63993379873543e-08,"Cped1"
"Pik3c2b",1.17459018733972e-12,-0.118394715973952,0.096,0.114,3.73402220555296e-08,"Pik3c2b"
"Mbnl1",1.31879233207418e-12,0.178877235409368,0.328,0.302,4.19244082366383e-08,"Mbnl1"
"Mef2c",1.32417991253012e-12,0.179526467995174,0.419,0.394,4.20956794193326e-08,"Mef2c"
"Astn2",1.35148926503576e-12,-0.104420728788093,0.37,0.392,4.29638437354868e-08,"Astn2"
"Hcn2",3.50244230422031e-12,-0.125070331189261,0.146,0.165,1.11342640851164e-07,"Hcn2"
"Myo6",3.60869222614518e-12,-0.116994967705239,0.261,0.282,1.14720325869155e-07,"Myo6"
"Lims1",3.68199799110661e-12,0.120537573948951,0.261,0.236,1.17050716137279e-07,"Lims1"
"Hepacam",4.15348376901442e-12,-0.109755981030815,0.12,0.139,1.32039249016968e-07,"Hepacam"
"Dpy19l4",4.39669590543608e-12,0.108717037232227,0.139,0.119,1.39770962833813e-07,"Dpy19l4"
"Arhgap22",4.62686023167797e-12,0.120855122230453,0.059,0.046,1.47087886765043e-07,"Arhgap22"
"Il6st",4.67932019501122e-12,0.121739092142536,0.072,0.058,1.48755588999407e-07,"Il6st"
"Kif6",4.82061481887545e-12,-0.121132199454099,0.077,0.092,1.5324734509205e-07,"Kif6"
"Srgap1",7.38703724916893e-12,-0.120448001818618,0.149,0.169,2.3483391415108e-07,"Srgap1"
"Sez6l2",8.61925451279264e-12,-0.127326801424631,0.146,0.165,2.74006100961678e-07,"Sez6l2"
"Bin1",1.52930870914681e-11,-0.109968486263357,0.361,0.38,4.86167238637772e-07,"Bin1"
"Dennd4a",1.67471942854005e-11,0.132986527997424,0.398,0.37,5.32393306332883e-07,"Dennd4a"
"Ppm1h",1.98474357703917e-11,0.114136325726755,0.396,0.37,6.30949983140753e-07,"Ppm1h"
"Tenm3",2.53748217319523e-11,-0.15268954386101,0.341,0.361,8.06665582858764e-07,"Tenm3"
"Peli2",3.57204513326599e-11,0.113431781319694,0.103,0.087,1.13555314786526e-06,"Peli2"
"Clint1",3.7916593540581e-11,0.110863024281014,0.263,0.239,1.20536850865507e-06,"Clint1"
"Nek7",4.54734197427381e-11,0.119585699716154,0.114,0.097,1.44560001362164e-06,"Nek7"
"Tmcc3",4.68142962697725e-11,0.186367392720377,0.352,0.327,1.48822647841607e-06,"Tmcc3"
"Gm47271",5.52161982058623e-11,-0.117991624316025,0.192,0.211,1.75532294096436e-06,"Gm47271"
"Jam3",6.76682176544495e-11,-0.118960251065615,0.216,0.235,2.15117263923495e-06,"Jam3"
"Olfml1",9.62284912060522e-11,-0.102750842421026,0.044,0.056,3.0591037354404e-06,"Olfml1"
"Smap2",1.12087212836274e-10,0.124812423399083,0.238,0.216,3.56325249606516e-06,"Smap2"
"Ube2d1",2.73620991745977e-10,-0.112434576870092,0.196,0.214,8.69841132760461e-06,"Ube2d1"
"Lgmn",5.39147873112687e-10,0.138627931375767,0.109,0.094,1.71395108862523e-05,"Lgmn"
"Zdhhc20",6.42494473517877e-10,-0.123588917353132,0.396,0.41,2.04248993131333e-05,"Zdhhc20"
"Pacs2",7.39689261463452e-10,-0.112637610724821,0.104,0.119,2.35147216219231e-05,"Pacs2"
"Adgrv1",9.18678674011592e-10,-0.123420791249349,0.043,0.054,2.92047950468285e-05,"Adgrv1"
"Ctsb",1.04426210330983e-09,0.121680765759198,0.168,0.149,3.31970922642193e-05,"Ctsb"
"Pde1c",1.06016013412507e-09,-0.121057510693048,0.094,0.109,3.37024906638361e-05,"Pde1c"
"Cdh23",1.22144657671564e-09,0.101625929537783,0.038,0.028,3.882978667379e-05,"Cdh23"
"Dgkd",1.32196559114969e-09,0.102810706023579,0.261,0.238,4.20252861426486e-05,"Dgkd"
"Cttnbp2nl",1.41275176797534e-09,0.105527554698252,0.105,0.09,4.49113787039362e-05,"Cttnbp2nl"
"Ank",1.60266347148398e-09,0.190603752171468,0.386,0.361,5.09486717584757e-05,"Ank"
"Clmn",3.82567213366166e-09,-0.152060054471746,0.234,0.249,0.000121618117129104,"Clmn"
"Zfp652",4.41583598227364e-09,0.103624737466435,0.302,0.279,0.000140379425876479,"Zfp652"
"Tmem164",7.09155231086188e-09,0.112985206021492,0.137,0.122,0.000225440447962299,"Tmem164"
"P2ry12",7.47536168365084e-09,0.15326353287062,0.2,0.182,0.00023764174792326,"P2ry12"
"Klf12",7.54721917155279e-09,0.101378260469472,0.414,0.392,0.000239926097463663,"Klf12"
"Nbas",8.13171231970008e-09,-0.117036005909819,0.284,0.299,0.000258507134643265,"Nbas"
"Trpm3",8.90691800863041e-09,0.116787380180884,0.437,0.407,0.000283150923494361,"Trpm3"
"Tmeff1",1.42385422035464e-08,-0.115842509168437,0.196,0.212,0.00045264325665074,"Tmeff1"
"Cd180",1.86674309461168e-08,0.100987378143959,0.089,0.076,0.000593437629777053,"Cd180"
"Aim2",2.34705167764473e-08,0.102494963883893,0.11,0.095,0.000746127728323261,"Aim2"
"Gm38304",2.96640833218241e-08,-0.119678457063642,0.124,0.138,0.000943021208800789,"Gm38304"
"Cables1",6.62959562571844e-08,0.100784150639105,0.079,0.067,0.00210754844941589,"Cables1"
"Myo1e",8.52516454051096e-08,0.208337197087121,0.094,0.082,0.00271014980742844,"Myo1e"
"Apbb2",1.16458881066444e-07,0.11605698934293,0.426,0.404,0.00370222782910224,"Apbb2"
"Ptchd1",1.5964952923044e-07,0.130162204820153,0.082,0.071,0.00507525853423567,"Ptchd1"
"Tbc1d4",1.67188922060792e-07,0.115415375395038,0.057,0.047,0.00531493583231257,"Tbc1d4"
"Arhgap5",1.96778849595426e-07,0.139542465597215,0.38,0.361,0.00625559962863861,"Arhgap5"
"Rasgrp3",2.33445076963132e-07,0.125068578598526,0.079,0.068,0.00742121899665796,"Rasgrp3"
"Trim30a",5.39584198574285e-07,0.100251525599394,0.097,0.085,0.0171533816726765,"Trim30a"
"Cntn4",5.45860132327476e-07,-0.101379326056973,0.306,0.323,0.0173528936066905,"Cntn4"
"Usp31",6.69243811986891e-07,-0.1013443938042,0.167,0.18,0.0212752607830633,"Usp31"
"Slc7a11",1.16452618299766e-06,0.138933118531481,0.045,0.036,0.0370202873574955,"Slc7a11"
"Xrcc6",2.93124476929125e-06,-0.120218476122927,0.283,0.293,0.0931842712157688,"Xrcc6"
"4933406I18Rik",3.43155064744315e-06,0.106298213924891,0.305,0.288,0.109088995082218,"4933406I18Rik"
"Inpp5f",3.56856687792236e-06,-0.10037980969631,0.173,0.184,0.113444741049152,"Inpp5f"
"Dock1",3.86070274567213e-06,-0.100294482823934,0.186,0.199,0.122731740284917,"Dock1"
"Rrbp1",5.44363893753229e-06,0.104481513038074,0.131,0.119,0.173053281824152,"Rrbp1"
"Mettl7a1",2.65772820886464e-05,-0.105595967330578,0.16,0.17,0.844891797598068,"Mettl7a1"
"Ttll5",7.54937763016444e-05,-0.106633944858019,0.259,0.267,1,"Ttll5"
"Ywhaq",0.000939299325352276,-0.106376550240931,0.237,0.242,1,"Ywhaq"
"Hs6st3",0.00170241138897755,-0.104678064175172,0.416,0.417,1,"Hs6st3"
"Mamdc2",0.00416821515160911,0.123297375179627,0.027,0.023,1,"Mamdc2"
"Plxdc2",0.00663528547340454,0.369872759079852,0.407,0.409,1,"Plxdc2"
"Sgcz",0.0160857479551347,-0.141072630760777,0.308,0.312,1,"Sgcz"
"Ankrd44",0.0193833836664002,0.100429621206414,0.134,0.128,1,"Ankrd44"
